{
  "glioma": {
    "precision": 0.6432748538011696,
    "recall": 0.36666666666666664,
    "f1-score": 0.46709129511677283,
    "support": 300.0
  },
  "meningioma": {
    "precision": 0.6666666666666666,
    "recall": 0.10457516339869281,
    "f1-score": 0.1807909604519774,
    "support": 306.0
  },
  "notumor": {
    "precision": 0.8883248730964467,
    "recall": 0.43209876543209874,
    "f1-score": 0.5813953488372093,
    "support": 405.0
  },
  "pituitary": {
    "precision": 0.3340782122905028,
    "recall": 0.9966666666666667,
    "f1-score": 0.500418410041841,
    "support": 300.0
  },
  "accuracy": 0.4698703279938978,
  "macro avg": {
    "precision": 0.6330861514636964,
    "recall": 0.47500181554103127,
    "f1-score": 0.43242400361195016,
    "support": 1311.0
  },
  "weighted avg": {
    "precision": 0.6536822985747999,
    "recall": 0.4698703279938978,
    "f1-score": 0.44320370840957973,
    "support": 1311.0
  }
}