{
  "glioma": {
    "precision": 0.6058981233243967,
    "recall": 0.7533333333333333,
    "f1-score": 0.6716196136701337,
    "support": 300.0
  },
  "meningioma": {
    "precision": 0.3508771929824561,
    "recall": 0.19607843137254902,
    "f1-score": 0.25157232704402516,
    "support": 306.0
  },
  "notumor": {
    "precision": 0.9666666666666667,
    "recall": 0.28641975308641976,
    "f1-score": 0.4419047619047619,
    "support": 405.0
  },
  "pituitary": {
    "precision": 0.446676970633694,
    "recall": 0.9633333333333334,
    "f1-score": 0.6103484688489969,
    "support": 300.0
  },
  "accuracy": 0.5270785659801678,
  "macro avg": {
    "precision": 0.5925297384018033,
    "recall": 0.5497912127814089,
    "f1-score": 0.4938612928669794,
    "support": 1311.0
  },
  "weighted avg": {
    "precision": 0.621388977299816,
    "recall": 0.5270785659801678,
    "f1-score": 0.48859114065800113,
    "support": 1311.0
  }
}