epoch,loss,acc
1,0.861314,0.640406
