epoch,loss,acc
1,0.856094,0.638480
